"value","id"
0.0344299923488906,"10"
0.0810488676996424,"11"
0.0642871628472926,"12"
0.0814044213263979,"13"
0.108260339283734,"24"
0.100039098136322,"35"
0.0895760743321719,"46"
0.0462703770788737,"47"
0.0520282186948854,"48"
0.0666157080068794,"59"
0,"60"
0,"61"
0,"62"
