id,value
10,3.4429992
11,8.1048868
12,6.4287163
13,8.1404421
24,10.8260339
35,10.0039098
46,8.9576074
47,4.6270377
48,5.2028219
59,6.6615708
60,0
61,0
62,0
